text,category
Meditation and yoga can improve mental health,Health
"Fruits, whole grains and vegetables helps control blood pressure",Health
These are the latest fashion trends for this week,Fashion
Vibrant color jeans for male are becoming a trend,Fashion
The concert starts at 7 PM tonight,Event
Navaratri dandiya program at Expo center in Mumbai this october,Event
Exciting vacation destinations for your next trip,Travel
Maldives and Srilanka are gaining popularity in terms of low budget vacation places,Travel
